id;name;date;file;file_content_type
1;Savings;2022-04-27T00:44:42;../fake-data/blob/hipster.png;image/png
2;indexing Rustic;2022-04-27T04:43:44;../fake-data/blob/hipster.png;image/png
3;Central Squares Team-oriented;2022-04-26T10:43:11;../fake-data/blob/hipster.png;image/png
4;Card;2022-04-26T14:32:21;../fake-data/blob/hipster.png;image/png
5;primary Pre-emptive Tools;2022-04-26T07:50:43;../fake-data/blob/hipster.png;image/png
6;invoice;2022-04-26T05:44:48;../fake-data/blob/hipster.png;image/png
7;Infrastructure Quality;2022-04-27T00:56:03;../fake-data/blob/hipster.png;image/png
8;Associate;2022-04-26T09:28:34;../fake-data/blob/hipster.png;image/png
9;withdrawal;2022-04-26T13:06:55;../fake-data/blob/hipster.png;image/png
10;Loaf Car;2022-04-26T20:40:19;../fake-data/blob/hipster.png;image/png
